"","V1","District Name","District Name2","District Name3","County Name (District).x","District Type (District).x","Enrollment (District).x","Enrollment (County)","Enrollment (State)","Current Exp of Educ per ADA (Ed Code 41372) (District)","Total Gen Fund Revenues (District)","Total Gen Fund Revenues (State)","Total Gen Fund Revenues Per Student (District)","Total Gen Fund Expenditures (District)","Total Gen Fund Expenditures Per Student (District)","County Name (District).y","District Type (District).y","City (District)","CDS Number (District)","Enrollment (District).y","p_CohortGraduates","CohortDropouts","p_CohortDropouts","CohortGraduates","CAASPPMATH","CAASPPELA","TGFExp","TGFExpPS","TGFRev","TGFRevPS","GENLOCALREVPS","GENSTATEREVPS","FEDREVPS","Zscore"
"1","1","Alameda Unified (Alameda)","Alameda Unified","Alameda Unified School District","Alameda","Unified School District",11201,226904,6228235,"11570","108006467",66666947122,"11919","107894469","11907","Alameda","Unified School District","Alameda","01-61119-0000000",11201,NA,NA,NA,NA,58.2,65.9,107894469,11907,108006467,11919,2154,1008,390,-0.435911670289229
"2","2","Albany City Unified (Alameda)","Albany City Unified","Albany City Unified School District","Alameda","Unified School District",3702,226904,6228235,"12165","45554287",66666947122,"12649","45221452","12556","Alameda","Unified School District","Albany","01-61127-0000000",3702,NA,NA,NA,NA,73.9,79.4,45221452,12556,45554287,12649,2474,1534,289,-0.33409537458202
"3","3","Alexander Valley Union Elementary (Sonoma)","Alexander Valley Union Elementary","Alexander Valley Union Elementary School District","Sonoma","Elementary School District",130,70940,6228235,"17406","2281489",66666947122,"18318","2185999","17551","Sonoma","Elementary School District","Healdsburg","49-70599-0000000",130,NA,NA,NA,NA,50.8,61.5,2185999,17551,2281489,18318,2427,1107,372,0.456584872492185
"4","4","Alum Rock Union Elementary (Santa Clara)","Alum Rock Union Elementary","Alum Rock Union Elementary School District","Santa Clara","Elementary School District",11624,273264,6228235,"13316","132672855",66666947122,"13116","137848622","13627","Santa Clara","Elementary School District","San Jose","43-69369-0000000",11624,NA,NA,NA,NA,30.8,37.9,137848622,13627,132672855,13116,699,1240,693,-0.268960840204942
"5","5","Antioch Unified (Contra Costa)","Antioch Unified","Antioch Unified School District","Contra Costa","Unified School District",17326,177370,6228235,"11206","190787753",66666947122,"11987","187138072","11758","Contra Costa","Unified School District","Antioch","07-61648-0000000",17326,NA,NA,NA,NA,19.7,31.4,187138072,11758,190787753,11987,518,1034,520,-0.426427412606914
"6","6","Bayshore Elementary (San Mateo)","Bayshore Elementary","Bayshore Elementary School District","San Mateo","Elementary School District",368,95620,6228235,"13004","4607725",66666947122,"12986","4778466","13467","San Mateo","Elementary School District","Daly City","41-68858-0000000",368,NA,NA,NA,NA,22.3,29.1,4778466,13467,4607725,12986,1284,803,1052,-0.287092509303486
"7","7","Bellevue Union (Sonoma)","Bellevue Union","Bellevue Union Elementary School District","Sonoma","Elementary School District",1895,70940,6228235,"13965","21950245",66666947122,"13141","24170948","14470","Sonoma","Elementary School District","Santa Rosa","49-70615-0000000",1895,NA,NA,NA,NA,28.5,35.2,24170948,14470,21950245,13141,681,1208,747,-0.265473980762915
"8","8","Belmont-Redwood Shores Elementary (San Mateo)","Belmont-Redwood Shores Elementary","Belmont-Redwood Shores Elementary School District","San Mateo","Elementary School District",4230,95620,6228235,"10307","43760504",66666947122,"10690","43101894","10529","San Mateo","Elementary School District","Belmont","41-68866-0000000",4230,NA,NA,NA,NA,74.5,78.3,43101894,10529,43760504,10690,1677,838,233,-0.607325680459312
"9","9","Benicia Unified (Solano)","Benicia Unified","Benicia Unified School District","Solano","Unified School District",4856,63643,6228235,"9796","46257221",66666947122,"9975","46355333","9996","Solano","Unified School District","Benicia","48-70524-0000000",4856,NA,NA,NA,NA,53.5,56.9,46355333,9996,46257221,9975,585,837,267,-0.707049860501305
"10","10","Bennett Valley Union Elementary (Sonoma)","Bennett Valley Union Elementary","Bennett Valley Union Elementary School District","Sonoma","Elementary School District",1035,70940,6228235,"9796","9945247",66666947122,"10023","9839251","9916","Sonoma","Elementary School District","Santa Rosa","49-70623-0000000",1035,NA,NA,NA,NA,57.2,64.6,9839251,9916,9945247,10023,911,903,213,-0.700355090372611
"11","11","Berkeley Unified (Alameda)","Berkeley Unified","Berkeley Unified School District","Alameda","Unified School District",10239,226904,6228235,"15504","141265077",66666947122,"15403","145692564","15885","Alameda","Unified School District","Berkeley","01-61143-0000000",10239,NA,NA,NA,NA,57.3,61.1,145692564,15885,141265077,15403,4792,1148,334,0.0500170615517532
"12","12","Berryessa Union Elementary (Santa Clara)","Berryessa Union Elementary","Berryessa Union Elementary School District","Santa Clara","Elementary School District",7296,273264,6228235,"9823","74090036",66666947122,"10440","71722890","10106","Santa Clara","Elementary School District","San Jose","43-69377-0000000",7296,NA,NA,NA,NA,55.2,59.4,71722890,10106,74090036,10440,782,824,397,-0.642194274879589
"13","13","Bolinas-Stinson Union (Marin)","Bolinas-Stinson Union","Bolinas-Stinson Union Elementary School District","Marin","Elementary School District",85,33633,6228235,"47746","4168496",66666947122,"53511","3994032","51271","Marin","Elementary School District","Bolinas","21-65300-0000000",85,NA,NA,NA,NA,53.9,59.6,3994032,51271,4168496,53511,10099,1973,4431,5.36510664622344
"14","14","Brentwood Union Elementary (Contra Costa)","Brentwood Union Elementary","Brentwood Union Elementary School District","Contra Costa","Elementary School District",8917,177370,6228235,"9856","86301950",66666947122,"9932","87115155","10025","Contra Costa","Elementary School District","Brentwood","07-61655-0000000",8917,NA,NA,NA,NA,50.8,60.1,87115155,10025,86301950,9932,570,1136,305,-0.713047258741592
"15","15","Brisbane Elementary (San Mateo)","Brisbane Elementary","Brisbane Elementary School District","San Mateo","Elementary School District",464,95620,6228235,"16726","7442410",66666947122,"16594","8164053","18203","San Mateo","Elementary School District","Brisbane","41-68874-0000000",464,NA,NA,NA,NA,50.3,64,8164053,18203,7442410,16594,3236,947,350,0.216131045369954
"16","16","Burlingame Elementary (San Mateo)","Burlingame Elementary","Burlingame Elementary School District","San Mateo","Elementary School District",3410,95620,6228235,"9894","35101709",66666947122,"10648","33196463","10070","San Mateo","Elementary School District","Burlingame","41-68882-0000000",3410,NA,NA,NA,NA,75.2,77.3,33196463,10070,35101709,10648,1523,765,262,-0.613183604321919
"17","17","Byron Union Elementary (Contra Costa)","Byron Union Elementary","Byron Union Elementary School District","Contra Costa","Elementary School District",2234,177370,6228235,"11775","17477633",66666947122,"11325","18342867","11885","Contra Costa","Elementary School District","Byron","07-61663-0000000",2234,NA,NA,NA,NA,49.4,50.7,18342867,11885,17477633,11325,1704,1102,383,-0.518759450631808
"18","18","Cabrillo Unified (San Mateo)","Cabrillo Unified","Cabrillo Unified School District","San Mateo","Unified School District",3279,95620,6228235,"10747","35769906",66666947122,"11388","34509531","10987","San Mateo","Unified School District","Half Moon Bay","41-68890-0000000",3279,NA,NA,NA,NA,34.2,46,34509531,10987,35769906,11388,1057,940,416,-0.509972564837898
"19","19","Calistoga Joint Unified (Napa)","Calistoga Joint Unified","Calistoga Joint Unified School District","Napa","Unified School District",859,20562,6228235,"17010","15296957",66666947122,"18505","14404567","17425","Napa","Unified School District","Calistoga","28-66241-0000000",859,NA,NA,NA,NA,33.3,40.1,14404567,17425,15296957,18505,380,1426,211,0.482666581118552
"20","20","Cambrian (Santa Clara)","Cambrian","Cambrian School District","Santa Clara","Elementary School District",3514,273264,6228235,"10127","33767592",66666947122,"9848","34723312","10127","Santa Clara","Elementary School District","San Jose","43-69385-0000000",3514,NA,NA,NA,NA,56.3,66.1,34723312,10127,33767592,9848,664,751,274,-0.724763106466805
"21","21","Campbell Union (Santa Clara)","Campbell Union","Campbell Union Elementary School District","Santa Clara","Elementary School District",7465,273264,6228235,"11585","87947681",66666947122,"12235","86640948","12053","Santa Clara","Elementary School District","Campbell","43-69393-0000000",7465,NA,NA,NA,NA,48.3,53.4,86640948,12053,87947681,12235,917,1030,419,-0.391837766941999
"22","22","Canyon Elementary (Contra Costa)","Canyon Elementary","Canyon Elementary School District","Contra Costa","Elementary School District",72,177370,6228235,"11968","752609",66666947122,"10860","829369","11968","Contra Costa","Elementary School District","Canyon","07-61671-0000000",72,NA,NA,NA,NA,67.4,68.2,829369,11968,752609,10860,1389,748,349,-0.583615036253524
"23","23","Castro Valley Unified (Alameda)","Castro Valley Unified","Castro Valley Unified School District","Alameda","Unified School District",9358,226904,6228235,"10120","98084248",66666947122,"10871","96147720","10656","Alameda","Unified School District","Castro Valley","01-61150-0000000",9358,NA,NA,NA,NA,60.9,66.8,96147720,10656,98084248,10871,724,1672,268,-0.582080818099031
"24","24","Cinnabar Elementary (Sonoma)","Cinnabar Elementary","Cinnabar Elementary School District","Sonoma","Elementary School District",270,70940,6228235,"12013","4049857",66666947122,"15293","3267517","12339","Sonoma","Elementary School District","Petaluma","49-70649-0000000",270,NA,NA,NA,NA,31.2,40.5,3267517,12339,4049857,15293,1042,1111,472,0.0346748800068312
"25","25","Cloverdale Unified (Sonoma)","Cloverdale Unified","Cloverdale Unified School District","Sonoma","Unified School District",1418,70940,6228235,"11580","15184418",66666947122,"11139","15975355","11719","Sonoma","Unified School District","Cloverdale","49-70656-0000000",1418,NA,NA,NA,NA,24.8,33.6,15975355,11719,15184418,11139,763,1127,441,-0.544701684880494
"26","26","Cotati-Rohnert Park Unified (Sonoma)","Cotati-Rohnert Park Unified","Cotati-Rohnert Park Unified School District","Sonoma","Unified School District",6272,70940,6228235,"11192","63643113",66666947122,"11479","63639747","11478","Sonoma","Unified School District","Rohnert Park","49-73882-0000000",6272,NA,NA,NA,NA,31.1,45,63639747,11478,63643113,11479,1117,1021,483,-0.497280396468917
"27","27","Cupertino Union (Santa Clara)","Cupertino Union","Cupertino Union Elementary  School District","Santa Clara","Elementary School District",18598,273264,6228235,"10142","187841345",66666947122,"10293","185775037","10180","Santa Clara","Elementary School District","Cupertino","43-69419-0000000",18598,NA,NA,NA,NA,86.2,84.3,185775037,10180,187841345,10293,1114,855,224,-0.662697008398712
"28","28","Dixie Elementary (Marin)","Dixie Elementary","Dixie Elementary School District","Marin","Elementary School District",1982,33633,6228235,"11470","21583593",66666947122,"11312","22570743","11830","Marin","Elementary School District","San Rafael","21-65318-0000000",1982,NA,NA,NA,NA,67.8,75.5,22570743,11830,21583593,11312,2214,942,272,-0.520572617541662
"29","29","Dixon Unified (Solano)","Dixon Unified","Dixon Unified School District","Solano","Unified School District",3663,63643,6228235,"10576","33777468",66666947122,"10838","34210193","10977","Solano","Unified School District","Dixon","48-70532-0000000",3663,NA,NA,NA,NA,30.6,39.7,34210193,10977,33777468,10838,361,1100,445,-0.586683472562508
"30","30","Dublin Unified (Alameda)","Dublin Unified","Dublin Unified School District","Alameda","Unified School District",10680,226904,6228235,"9406","105107205",66666947122,"10080","99520591","9544","Alameda","Unified School District","Dublin","01-75093-0000000",10680,NA,NA,NA,NA,72.9,76.5,99520591,9544,105107205,10080,774,971,185,-0.692405050844788
"31","31","Dunham Elementary (Sonoma)","Dunham Elementary","Dunham Elementary School District","Sonoma","Elementary School District",186,70940,6228235,"10784","2374146",66666947122,"13099","2498693","13787","Sonoma","Elementary School District","Petaluma","49-70672-0000000",186,NA,NA,NA,NA,65.9,60.9,2498693,13787,2374146,13099,1593,1985,304,-0.271331904625521
"32","32","Emery Unified (Alameda)","Emery Unified","Emery Unified School District","Alameda","Unified School District",687,226904,6228235,"17106","12081212",66666947122,"18752","11398398","17693","Alameda","Unified School District","Emeryville","01-61168-0000000",687,NA,NA,NA,NA,21.4,25.3,11398398,17693,12081212,18752,6184,1509,521,0.517116752405786
"33","33","Evergreen Elementary (Santa Clara)","Evergreen Elementary","Evergreen Elementary School District","Santa Clara","Elementary School District",11794,273264,6228235,"9818","118005076",66666947122,"10307","115228108","10064","Santa Clara","Elementary School District","San Jose","43-69435-0000000",11794,NA,NA,NA,NA,60.6,63.5,115228108,10064,118005076,10307,538,948,408,-0.660744367111177
"34","34","Fairfield-Suisun Unified (Solano)","Fairfield-Suisun Unified","Fairfield-Suisun Unified School District","Solano","Unified School District",21607,63643,6228235,"9917","213361965",66666947122,"10376","212905270","10354","Solano","Unified School District","Fairfield","48-70540-0000000",21607,NA,NA,NA,NA,31.2,43.5,212905270,10354,213361965,10376,319,822,452,-0.65112063505118
"35","35","Forestville Union Elementary (Sonoma)","Forestville Union Elementary","Forestville Union Elementary School District","Sonoma","Elementary School District",340,70940,6228235,"14385","4874744",66666947122,"15198","4807320","14988","Sonoma","Elementary School District","Forestville","49-70680-0000000",340,NA,NA,NA,NA,27.4,41.1,4807320,14988,4874744,15198,1325,1555,574,0.0214248141271259
"36","36","Fort Ross Elementary (Sonoma)","Fort Ross Elementary","Fort Ross Elementary School District","Sonoma","Elementary School District",24,70940,6228235,"30935","660048",66666947122,"34886","585745","30959","Sonoma","Elementary School District","Cazadero","49-70698-0000000",24,NA,NA,NA,NA,38.5,30.8,585745,30959,660048,34886,7838,3499,1446,2.76739636191279
"37","37","Franklin-McKinley Elementary (Santa Clara)","Franklin-McKinley Elementary","Franklin-McKinley Elementary School District","Santa Clara","Elementary School District",10735,273264,6228235,"12194","100098746",66666947122,"13006","98166322","12755","Santa Clara","Elementary School District","San Jose","43-69450-0000000",10735,NA,NA,NA,NA,39.4,44.9,98166322,12755,100098746,13006,748,1211,658,-0.284303021749864
"38","38","Fremont Unified (Alameda)","Fremont Unified","Fremont Unified School District","Alameda","Unified School District",35171,226904,6228235,"9912","342194006",66666947122,"10130","355412798","10521","Alameda","Unified School District","Fremont","01-61176-0000000",35171,NA,NA,NA,NA,71.5,75.1,355412798,10521,342194006,10130,440,1072,350,-0.685431331960733
"39","39","Geyserville Unified (Sonoma)","Geyserville Unified","Geyserville Unified School District","Sonoma","Unified School District",250,70940,6228235,"16364","3890797",66666947122,"16848","3816291","16525","Sonoma","Unified School District","Geyserville","49-70706-0000000",250,NA,NA,NA,NA,29.6,48.1,3816291,16525,3890797,16848,1138,1745,401,0.251557537300955
"40","40","Gilroy Unified (Santa Clara)","Gilroy Unified","Gilroy Unified School District","Santa Clara","Unified School District",11959,273264,6228235,"10673","124329455",66666947122,"11465","120857243","11145","Santa Clara","Unified School District","Gilroy","43-69484-0000000",11959,NA,NA,NA,NA,40.3,48,120857243,11145,124329455,11465,259,1129,603,-0.499233037756453
"41","41","Gravenstein Union Elementary (Sonoma)","Gravenstein Union Elementary","Gravenstein Union Elementary School District","Sonoma","Elementary School District",727,70940,6228235,"9482","8800591",66666947122,"12741","6602195","9558","Sonoma","Elementary School District","Sebastopol","49-70714-0000000",727,NA,NA,NA,NA,63.4,72.8,6602195,9558,8800591,12741,759,812,257,-0.321263731835358
"42","42","Guerneville Elementary (Sonoma)","Guerneville Elementary","Guerneville Elementary School District","Sonoma","Elementary School District",286,70940,6228235,"13929","3629329",66666947122,"13505","3983930","14825","Sonoma","Elementary School District","Guerneville","49-70722-0000000",286,NA,NA,NA,NA,33.3,44.9,3983930,14825,3629329,13505,936,2431,933,-0.214705307286991
"43","43","Harmony Union Elementary (Sonoma)","Harmony Union Elementary","Harmony Union Elementary School District","Sonoma","Elementary School District",680,70940,6228235,"18324","4261240",66666947122,"18239","4343064","18590","Sonoma","Elementary School District","Occidental","49-70730-0000000",680,NA,NA,NA,NA,48.1,54.6,4343064,18590,4261240,18239,920,860,465,0.445566396655377
"44","44","Hayward Unified (Alameda)","Hayward Unified","Hayward Unified School District","Alameda","Unified School District",22922,226904,6228235,"12759","263183189",66666947122,"13380","262949039","13368","Alameda","Unified School District","Hayward","01-61192-0000000",22922,NA,NA,NA,NA,23.6,35.6,262949039,13368,263183189,13380,1025,1511,1058,-0.23213960449713
"45","45","Healdsburg Unified (Sonoma)","Healdsburg Unified","Healdsburg Unified School District","Sonoma","Unified School District",1611,70940,6228235,"15086","23368997",66666947122,"15401","24621075","16226","Sonoma","Unified School District","Healdsburg","49-75390-0000000",1611,NA,NA,NA,NA,34.2,48.2,24621075,16226,23368997,15401,1007,1279,789,0.0497381127963909
"46","46","Hillsborough City Elementary (San Mateo)","Hillsborough City Elementary","Hillsborough City Elementary School District","San Mateo","Elementary School District",1483,95620,6228235,"18850","27747511",66666947122,"19428","27847553","19498","San Mateo","Elementary School District","Hillsborough","41-68908-0000000",1483,NA,NA,NA,NA,82.2,82.2,27847553,19498,27747511,19428,4452,1299,200,0.611401431718215
"47","47","Horicon Elementary (Sonoma)","Horicon Elementary","Horicon Elementary School District","Sonoma","Elementary School District",59,70940,6228235,"29893","1740173",66666947122,"31772","1663725","30377","Sonoma","Elementary School District","Annapolis","49-70763-0000000",59,NA,NA,NA,NA,16.7,14.3,1663725,30377,1740173,31772,3247,1001,521,2.33307314981382
"48","48","Howell Mountain Elementary (Napa)","Howell Mountain Elementary","Howell Mountain Elementary School District","Napa","Elementary School District",86,20562,6228235,"20293","1768803",66666947122,"21740","1712700","21051","Napa","Elementary School District","Angwin","28-66258-0000000",86,NA,NA,NA,NA,35.2,42.3,1712700,21051,1768803,21740,2909,1052,515,0.933866192916939
"49","49","Jefferson Elementary (San Mateo)","Jefferson Elementary","Jefferson Elementary School District","San Mateo","Elementary School District",7039,95620,6228235,"10780","68243972",66666947122,"11269","67362444","11123","San Mateo","Elementary School District","Daly City","41-68916-0000000",7039,NA,NA,NA,NA,36.3,46.4,67362444,11123,68243972,11269,215,1020,456,-0.52657001578195
"50","50","John Swett Unified (Contra Costa)","John Swett Unified","John Swett Unified School District","Contra Costa","Unified School District",1714,177370,6228235,"11651","19701724",66666947122,"12657","18523870","11900","Contra Costa","Unified School District","Rodeo","07-61697-0000000",1714,NA,NA,NA,NA,25,36.4,18523870,11900,19701724,12657,843,1107,531,-0.332979579560571
"51","51","Kashia Elementary (Sonoma)","Kashia Elementary","Kashia Elementary School District","Sonoma","Elementary School District",13,70940,6228235,"43659","386540",66666947122,"53986","314751","43960","Sonoma","Elementary School District","Stewarts Point","49-70888-0000000",13,NA,NA,NA,NA,NA,NA,314751,43960,386540,53986,15737,3876,8161,5.43135697562197
"52","52","Kentfield Elementary (Marin)","Kentfield Elementary","Kentfield Elementary School District","Marin","Elementary School District",1257,33633,6228235,"13565","17007682",66666947122,"14057","17065165","14104","Marin","Elementary School District","Kentfield","21-65334-0000000",1257,NA,NA,NA,NA,72.5,77.1,17065165,14104,17007682,14057,5178,1088,160,-0.137715450807019
"53","53","Kenwood (Sonoma)","Kenwood","Kenwood Elementary School District","Sonoma","Elementary School District",149,70940,6228235,"16373","2837199",66666947122,"19332","2480575","16902","Sonoma","Elementary School District","Kenwood","49-70789-0000000",149,NA,NA,NA,NA,60.9,67.7,2480575,16902,2837199,19332,2960,966,260,0.598011891460829
"54","54","Knightsen Elementary (Contra Costa)","Knightsen Elementary","Knightsen Elementary School District","Contra Costa","Elementary School District",585,177370,6228235,"10394","5709942",66666947122,"10149","6088305","10822","Contra Costa","Elementary School District","Knightsen","07-61705-0000000",585,NA,NA,NA,NA,35.8,45.5,6088305,10822,5709942,10149,776,693,459,-0.682781318784792
"55","55","La Honda-Pescadero Unified (San Mateo)","La Honda-Pescadero Unified","La Honda-Pescadero Unified School District","San Mateo","Unified School District",318,95620,6228235,"18615","5966004",66666947122,"19636","5775264","19008","San Mateo","Unified School District","Pescadero","41-68940-0000000",318,NA,NA,NA,NA,26.8,45.4,5775264,19008,5966004,19636,1541,1550,2920,0.640412102275886
"56","56","Lafayette Elementary (Contra Costa)","Lafayette Elementary","Lafayette Elementary School District","Contra Costa","Elementary School District",3615,177370,6228235,"11226","40034786",66666947122,"11396","39983279","11382","Contra Costa","Elementary School District","Lafayette","07-61713-0000000",3615,NA,NA,NA,NA,81.4,83.5,39983279,11382,40034786,11396,2590,950,237,-0.508856769816449
"57","57","Laguna Joint Elementary (Marin)","Laguna Joint Elementary","Laguna Joint Elementary School District","Marin","Elementary School District",17,33633,6228235,"18304","254864",66666947122,"15550","307669","18772","Marin","Elementary School District","Petaluma","21-65342-0000000",17,NA,NA,NA,NA,NA,NA,307669,18772,254864,15550,942,1333,1040,0.0705197950708761
"58","58","Lagunitas Elementary (Marin)","Lagunitas Elementary","Lagunitas Elementary School District","Marin","Elementary School District",262,33633,6228235,"15156","3780074",66666947122,"15326","3842835","15581","Marin","Elementary School District","San Geronimo","21-65359-0000000",262,NA,NA,NA,NA,26.9,39.7,3842835,15581,3780074,15326,4017,896,306,0.0392775344703078
"59","59","Lakeside Joint (Santa Clara)","Lakeside Joint","Lakeside Joint Elementary School District","Santa Clara","Elementary School District",86,273264,6228235,"20205","1847098",66666947122,"22403","1990832","24146","Santa Clara","Elementary School District","Los Gatos","43-69492-0000000",86,NA,NA,NA,NA,70.7,78.1,1990832,24146,1847098,22403,4286,457,803,1.02633770531951
"60","60","Larkspur-Corte Madera (Marin)","Larkspur-Corte Madera","Larkspur-Corte Madera Elementary School District","Marin","Elementary School District",1523,33633,6228235,"12261","18523256",66666947122,"12409","18550419","12428","Marin","Elementary School District","Larkspur","21-65367-0000000",1523,NA,NA,NA,NA,68.7,78.7,18550419,12428,18523256,12409,3570,1035,275,-0.367569225225486
"61","61","Las Lomitas Elementary (San Mateo)","Las Lomitas Elementary","Las Lomitas Elementary School District","San Mateo","Elementary School District",1386,95620,6228235,"18022","26075805",66666947122,"19511","24933781","18657","San Mateo","Elementary School District","Menlo Park","41-68957-0000000",1386,NA,NA,NA,NA,81.4,84.7,24933781,18657,26075805,19511,4481,1134,215,0.622977805065748
"62","62","Liberty Elementary (Sonoma)","Liberty Elementary","Liberty Elementary School District","Sonoma","Elementary School District",1123,70940,6228235,"10877","4199612",66666947122,"19742","2451883","11526","Sonoma","Elementary School District","Petaluma","49-70797-0000000",1123,NA,NA,NA,NA,83.6,81,2451883,11526,4199612,19742,1597,1291,177,0.655196386310084
"63","63","Lincoln Elementary (Marin)","Lincoln Elementary","Lincoln Elementary School District","Marin","Elementary School District",12,33633,6228235,"19265","208019",66666947122,"18724","228427","20560","Marin","Elementary School District","Petaluma","21-65375-0000000",12,NA,NA,NA,NA,NA,NA,228427,20560,208019,18724,2849,1162,1819,0.513211469830715
"64","64","Livermore Valley Joint Unified (Alameda)","Livermore Valley Joint Unified","Livermore Valley Joint Unified School District","Alameda","Unified School District",14016,226904,6228235,"10380","134783103",66666947122,"10594","134255199","10552","Alameda","Unified School District","Livermore","01-61200-0000000",14016,NA,NA,NA,NA,49.6,61.2,134255199,10552,134783103,10594,1067,982,347,-0.620715220716698
"65","65","Loma Prieta Joint Union Elementary (Santa Clara)","Loma Prieta Joint Union Elementary","Loma Prieta Joint Union Elementary School District","Santa Clara","Elementary School District",507,273264,6228235,"12268","6806002",66666947122,"13982","6361932","13070","Santa Clara","Elementary School District","Los Gatos","43-69500-0000000",507,NA,NA,NA,NA,69.6,78,6361932,13070,6806002,13982,4224,1199,300,-0.148176029133102
"66","66","Los Altos Elementary (Santa Clara)","Los Altos Elementary","Los Altos Elementary School District","Santa Clara","Elementary School District",4527,273264,6228235,"13456","59557715",66666947122,"13591","60948104","13908","Santa Clara","Elementary School District","Los Altos","43-69518-0000000",4527,NA,NA,NA,NA,85.5,86.8,60948104,13908,59557715,13591,3874,866,252,-0.202710510806416
"67","67","Los Gatos Union Elementary (Santa Clara)","Los Gatos Union Elementary","Los Gatos Union Elementary School District","Santa Clara","Elementary School District",3263,273264,6228235,"11534","36764831",66666947122,"11655","36839190","11678","Santa Clara","Elementary School District","Los Gatos","43-69526-0000000",3263,NA,NA,NA,NA,76.7,79.2,36839190,11678,36764831,11655,2217,907,202,-0.472732905997042
"68","68","Luther Burbank (Santa Clara)","Luther Burbank","Luther Burbank Elementary School District","Santa Clara","Elementary School District",520,273264,6228235,"12383","6345050",66666947122,"12573","6430303","12742","Santa Clara","Elementary School District","San Jose","43-69542-0000000",520,NA,NA,NA,NA,30.3,33.3,6430303,12742,6345050,12573,131,1314,452,-0.344695427285784
"69","69","Mark West Union Elementary (Sonoma)","Mark West Union Elementary","Mark West Union Elementary School District","Sonoma","Elementary School District",1475,70940,6228235,"9919","15805098",66666947122,"12206","12880920","9948","Sonoma","Elementary School District","Santa Rosa","49-70805-0000000",1475,NA,NA,NA,NA,49.2,50.1,12880920,9948,15805098,12206,714,809,458,-0.395882523894751
"70","70","Martinez Unified (Contra Costa)","Martinez Unified","Martinez Unified School District","Contra Costa","Unified School District",4143,177370,6228235,"10442","42945646",66666947122,"10840","42378434","10696","Contra Costa","Unified School District","Martinez","07-61739-0000000",4143,NA,NA,NA,NA,42.1,53.1,42378434,10696,42945646,10840,882,946,416,-0.586404523807146
"71","71","Menlo Park City Elementary (San Mateo)","Menlo Park City Elementary","Menlo Park City Elementary School District","San Mateo","Elementary School District",2999,95620,6228235,"15903","45895854",66666947122,"15877","47378847","16390","San Mateo","Elementary School District","Atherton","41-68965-0000000",2999,NA,NA,NA,NA,80.9,82.1,47378847,16390,45895854,15877,4110,978,245,0.116127916572599
"72","72","Mill Valley Elementary (Marin)","Mill Valley Elementary","Mill Valley Elementary School District","Marin","Elementary School District",3128,33633,6228235,"13942","44849214",66666947122,"14838","43918752","14530","Marin","Elementary School District","Mill Valley","21-65391-0000000",3128,NA,NA,NA,NA,76,81,43918752,14530,44849214,14838,5819,1134,265,-0.0287859618380732
"73","73","Millbrae Elementary (San Mateo)","Millbrae Elementary","Millbrae Elementary School District","San Mateo","Elementary School District",2432,95620,6228235,"9442","23499377",66666947122,"9945","23136634","9791","San Mateo","Elementary School District","Millbrae","41-68973-0000000",2432,NA,NA,NA,NA,61.4,65.8,23136634,9791,23499377,9945,492,831,287,-0.711234091831738
"74","74","Milpitas Unified (Santa Clara)","Milpitas Unified","Milpitas Unified School District","Santa Clara","Unified School District",10260,273264,6228235,"9830","109527729",66666947122,"10874","108065838","10729","Santa Clara","Unified School District","Milpitas","43-73387-0000000",10260,NA,NA,NA,NA,62.1,68.8,108065838,10729,109527729,10874,889,1056,352,-0.581662394965988
"75","75","Monte Rio Union Elementary (Sonoma)","Monte Rio Union Elementary","Monte Rio Union Elementary School District","Sonoma","Elementary School District",90,70940,6228235,"16913","1568549",66666947122,"17996","1480471","16986","Sonoma","Elementary School District","Monte Rio","49-70813-0000000",90,NA,NA,NA,NA,40.4,61.5,1480471,16986,1568549,17996,3268,872,186,0.411674122878868
"76","76","Montgomery Elementary (Sonoma)","Montgomery Elementary","Montgomery Elementary School District","Sonoma","Elementary School District",28,70940,6228235,"23191","711269",66666947122,"25151","656432","23212","Sonoma","Elementary School District","Cazadero","49-70821-0000000",28,NA,NA,NA,NA,52.6,47.4,656432,23212,711269,25151,3274,1739,996,1.4096132951872
"77","77","Moraga Elementary (Contra Costa)","Moraga Elementary","Moraga Elementary School District","Contra Costa","Elementary School District",1898,177370,6228235,"11360","22145145",66666947122,"12035","21434304","11649","Contra Costa","Elementary School District","Moraga","07-61747-0000000",1898,NA,NA,NA,NA,83.4,85.7,21434304,11649,22145145,12035,3150,1075,227,-0.419732642478221
"78","78","Moreland (Santa Clara)","Moreland","Moreland Elementary School District","Santa Clara","Elementary School District",4780,273264,6228235,"11400","47189417",66666947122,"10199","53525706","11568","Santa Clara","Elementary School District","San Jose","43-69575-0000000",4780,NA,NA,NA,NA,62.3,68.3,53525706,11568,47189417,10199,376,1177,331,-0.675807599900736
"79","79","Morgan Hill Unified (Santa Clara)","Morgan Hill Unified","Morgan Hill Unified School District","Santa Clara","Unified School District",9137,273264,6228235,"10227","88789112",66666947122,"11080","87269541","10890","Santa Clara","Unified School District","Morgan Hill","43-69583-0000000",9137,NA,NA,NA,NA,39.9,50.1,87269541,10890,88789112,11080,970,1079,472,-0.55293067316368
"80","80","Mount Pleasant Elementary (Santa Clara)","Mount Pleasant Elementary","Mount Pleasant Elementary School District","Santa Clara","Elementary School District",2371,273264,6228235,"12740","30613527",66666947122,"13366","30161748","13169","Santa Clara","Elementary School District","San Jose","43-69617-0000000",2371,NA,NA,NA,NA,28.3,37.8,30161748,13169,30613527,13366,530,2224,583,-0.234092245784665
"81","81","Mountain House Elementary (Alameda)","Mountain House Elementary","Mountain House Elementary School District","Alameda","Elementary School District",16,226904,6228235,"25914","642840",66666947122,"37396","467284","27183","Alameda","Elementary School District","Byron","01-61218-0000000",16,NA,NA,NA,NA,8.3,30.8,467284,27183,642840,37396,5773,1162,1307,3.11747704989238
"82","82","Mountain View Whisman (Santa Clara)","Mountain View Whisman","Mountain View Whisman Elementary School District","Santa Clara","Elementary School District",5125,273264,6228235,"13307","66681596",66666947122,"13494","66153600","13387","Santa Clara","Elementary School District","Mountain View","43-69591-0000000",5125,NA,NA,NA,NA,62,66.1,66153600,13387,66681596,13494,2314,863,502,-0.216239525441483
"83","83","Mt. Diablo Unified (Contra Costa)","Mt. Diablo Unified","Mt. Diablo Unified School District","Contra Costa","Unified School District",31814,177370,6228235,"11671","353129952",66666947122,"11724","362277908","12028","Contra Costa","Unified School District","Concord","07-61754-0000000",31814,NA,NA,NA,NA,38.6,50,362277908,12028,353129952,11724,555,2026,586,-0.463109173937046
"84","84","Napa Valley Unified (Napa)","Napa Valley Unified","Napa Valley Unified School District","Napa","Unified School District",18224,20562,6228235,"11193","181139470",66666947122,"11252","182884378","11360","Napa","Unified School District","Napa","28-66266-0000000",18224,NA,NA,NA,NA,33.2,45.4,182884378,11360,181139470,11252,421,990,520,-0.528941080202529
"85","85","New Haven Unified (Alameda)","New Haven Unified","New Haven Unified School District","Alameda","Unified School District",11893,226904,6228235,"11157","130038158",66666947122,"11466","131004094","11551","Alameda","Unified School District","Union City","01-61242-0000000",11893,NA,NA,NA,NA,39.4,49.6,131004094,11551,130038158,11466,731,1156,826,-0.499093563378772
"86","86","Newark Unified (Alameda)","Newark Unified","Newark Unified School District","Alameda","Unified School District",5845,226904,6228235,"11172","63821026",66666947122,"11368","64871188","11555","Alameda","Unified School District","Newark","01-61234-0000000",5845,NA,NA,NA,NA,36.7,45.5,64871188,11555,63821026,11368,698,1144,420,-0.51276205239152
"87","87","Nicasio (Marin)","Nicasio","Nicasio Elementary School District","Marin","Elementary School District",43,33633,6228235,"22220","1028216",66666947122,"24622","1040512","24916","Marin","Elementary School District","Nicasio","21-65409-0000000",43,NA,NA,NA,NA,51.6,71,1040512,24916,1028216,24622,6266,1411,511,1.33583134939389
"88","88","Novato Unified (Marin)","Novato Unified","Novato Unified School District","Marin","Unified School District",7869,33633,6228235,"11228","84525993",66666947122,"11520","84809905","11559","Marin","Unified School District","Novato","21-65417-0000000",7869,NA,NA,NA,NA,46.4,54,84809905,11559,84525993,11520,1697,923,437,-0.491561946983992
"89","89","Oak Grove Elementary (Santa Clara)","Oak Grove Elementary","Oak Grove Elementary School District","Santa Clara","Elementary School District",10362,273264,6228235,"10801","112609827",66666947122,"11263","115185207","11521","Santa Clara","Elementary School District","San Jose","43-69625-0000000",10362,NA,NA,NA,NA,42.6,50.4,115185207,11521,112609827,11263,832,937,412,-0.527406862048037
"90","90","Oak Grove Union Elementary (Sonoma)","Oak Grove Union Elementary","Oak Grove Union Elementary School District","Sonoma","Elementary School District",1139,70940,6228235,"11883","9705072",66666947122,"12213","10096163","12706","Sonoma","Elementary School District","Santa Rosa","49-70839-0000000",1139,NA,NA,NA,NA,53.3,67,10096163,12706,9705072,12213,532,814,358,-0.394906203250983
"91","91","Oakland Unified (Alameda)","Oakland Unified","Oakland Unified School District","Alameda","Unified School District",49760,226904,6228235,"14835","535902227",66666947122,"15337","546936534","15653","Alameda","Unified School District","Oakland","01-61259-0000000",49760,NA,NA,NA,NA,25.5,31.9,546936534,15653,535902227,15337,2018,1858,1277,0.0408117526248
"92","92","Oakley Union Elementary (Contra Costa)","Oakley Union Elementary","Oakley Union Elementary School District","Contra Costa","Elementary School District",5015,177370,6228235,"10109","49664857",66666947122,"10265","50787657","10497","Contra Costa","Elementary School District","Oakley","07-61762-0000000",5015,NA,NA,NA,NA,27.4,38.4,50787657,10497,49664857,10265,745,937,361,-0.666602290973783
"93","93","Old Adobe Union (Sonoma)","Old Adobe Union","Old Adobe Union Elementary School District","Sonoma","Elementary School District",1992,70940,6228235,"12060","20823737",66666947122,"12379","20630530","12264","Sonoma","Elementary School District","Petaluma","49-70847-0000000",1992,NA,NA,NA,NA,42.8,48.3,20630530,12264,20823737,12379,1004,958,417,-0.371753456555919
"94","94","Orchard Elementary (Santa Clara)","Orchard Elementary","Orchard Elementary School District","Santa Clara","Elementary School District",894,273264,6228235,"10427","9127075",66666947122,"10490","9243548","10624","Santa Clara","Elementary School District","San Jose","43-69633-0000000",894,NA,NA,NA,NA,45.8,51,9243548,10624,9127075,10490,244,839,469,-0.635220555995534
"95","95","Orinda Union Elementary (Contra Costa)","Orinda Union Elementary","Orinda Union Elementary School District","Contra Costa","Elementary School District",2542,177370,6228235,"12261","31325197",66666947122,"12695","31177490","12635","Contra Costa","Elementary School District","Orinda","07-61770-0000000",2542,NA,NA,NA,NA,84.2,86.5,31177490,12635,31325197,12695,4019,951,202,-0.327679553208689
"96","96","Pacifica (San Mateo)","Pacifica","Pacifica Elementary School District","San Mateo","Elementary School District",3150,95620,6228235,"9927","30861686",66666947122,"10211","30892967","10222","San Mateo","Elementary School District","Pacifica","41-68932-0000000",3150,NA,NA,NA,NA,54,58.3,30892967,10222,30861686,10211,744,872,253,-0.674133907368563
"97","97","Palo Alto Unified (Santa Clara)","Palo Alto Unified","Palo Alto Unified School District","Santa Clara","Unified School District",12287,273264,6228235,"19386","228242028",66666947122,"19334","230514519","19526","Santa Clara","Unified School District","Palo Alto","43-69641-0000000",12287,NA,NA,NA,NA,81.5,81.9,230514519,19526,228242028,19334,3101,1228,300,0.598290840216191
"98","98","Petaluma City Elementary (Sonoma)","Petaluma City Elementary","Petaluma City Elementary School District","Sonoma","Elementary School District",2404,70940,6228235,"N/A","N/A",66666947122,"N/A","N/A","N/A","Sonoma","Elementary School District","Petaluma","49-70854-0000000",2404,NA,NA,NA,NA,49.3,50,NA,NA,NA,NA,NA,NA,NA,NA
"99","99","Piedmont City Unified (Alameda)","Piedmont City Unified","Piedmont City Unified School District","Alameda","Unified School District",2692,226904,6228235,"15048","39399416",66666947122,"15122","39778819","15268","Alameda","Unified School District","Piedmont","01-61275-0000000",2692,NA,NA,NA,NA,83.6,86,39778819,15268,39399416,15122,5867,1216,270,0.0108247614233616
"100","100","Piner-Olivet Union Elementary (Sonoma)","Piner-Olivet Union Elementary","Piner-Olivet Union Elementary School District","Sonoma","Elementary School District",1422,70940,6228235,"11441","13630542",66666947122,"13048","14572816","13950","Sonoma","Elementary School District","Santa Rosa","49-70870-0000000",1422,NA,NA,NA,NA,18,35.5,14572816,13950,13630542,13048,1273,1114,406,-0.278445097887258
"101","101","Pittsburg Unified (Contra Costa)","Pittsburg Unified","Pittsburg Unified School District","Contra Costa","Unified School District",11489,177370,6228235,"11404","131507668",66666947122,"12132","128560270","11860","Contra Costa","Unified School District","Pittsburg","07-61788-0000000",11489,NA,NA,NA,NA,19.9,33.3,128560270,11860,131507668,12132,453,1132,460,-0.406203627843153
"102","102","Pleasanton Unified (Alameda)","Pleasanton Unified","Pleasanton Unified School District","Alameda","Unified School District",14778,226904,6228235,"10075","151175045",66666947122,"10526","147068230","10240","Alameda","Unified School District","Pleasanton","01-75101-0000000",14778,NA,NA,NA,NA,76.9,80.8,147068230,10240,151175045,10526,577,1565,234,-0.630199478399014
"103","103","Pope Valley Union Elementary (Napa)","Pope Valley Union Elementary","Pope Valley Union Elementary School District","Napa","Elementary School District",58,20562,6228235,"23161","1303598",66666947122,"23797","1334484","24361","Napa","Elementary School District","Pope Valley","28-66282-0000000",58,NA,NA,NA,NA,7.1,21.4,1334484,24361,1303598,23797,453,982,464,1.22076498780698
"104","104","Portola Valley Elementary (San Mateo)","Portola Valley Elementary","Portola Valley Elementary School District","San Mateo","Elementary School District",627,95620,6228235,"22860","14422438",66666947122,"23833","14653981","24215","San Mateo","Elementary School District","Portola Valley","41-68981-0000000",627,NA,NA,NA,NA,81.2,83.6,14653981,24215,14422438,23833,4128,1064,230,1.2257860654035
"105","105","Ravenswood City Elementary (San Mateo)","Ravenswood City Elementary","Ravenswood City Elementary School District","San Mateo","Elementary School District",3853,95620,6228235,"16282","47615071",66666947122,"16403","48653618","16761","San Mateo","Elementary School District","East Palo Alto","41-68999-0000000",3853,NA,NA,NA,NA,12.7,19.6,48653618,16761,47615071,16403,2815,1419,981,0.189491439232862
"106","106","Redwood City Elementary (San Mateo)","Redwood City Elementary","Redwood City Elementary School District","San Mateo","Elementary School District",8987,95620,6228235,"12315","98156029",66666947122,"12869","97315049","12759","San Mateo","Elementary School District","Redwood City","41-69005-0000000",8987,NA,NA,NA,NA,38.9,47.2,97315049,12759,98156029,12869,974,965,670,-0.303411011492176
"107","107","Reed Union Elementary (Marin)","Reed Union Elementary","Reed Union Elementary School District","Marin","Elementary School District",1530,33633,6228235,"13771","21992698",66666947122,"14859","21472083","14507","Marin","Elementary School District","Tiburon","21-65425-0000000",1530,NA,NA,NA,NA,79,81.9,21472083,14507,21992698,14859,3572,1049,203,-0.0258569999067699
"108","108","Rincon Valley Union Elementary (Sonoma)","Rincon Valley Union Elementary","Rincon Valley Union Elementary School District","Sonoma","Elementary School District",3552,70940,6228235,"10845","41012737",66666947122,"13358","38509455","12542","Sonoma","Elementary School District","Santa Rosa","49-70896-0000000",3552,NA,NA,NA,NA,48,59.2,38509455,12542,41012737,13358,2344,1085,404,-0.235208040806114
"109","109","Roseland (Sonoma)","Roseland","Roseland Elementary School District","Sonoma","Elementary School District",2852,70940,6228235,"18963","30716205",66666947122,"20985","28119030","19211","Sonoma","Elementary School District","Santa Rosa","49-70904-0000000",2852,NA,NA,NA,NA,31.1,31.7,28119030,19211,30716205,20985,8204,1510,758,0.828563037767702
"110","110","Ross Elementary (Marin)","Ross Elementary","Ross Elementary School District","Marin","Elementary School District",383,33633,6228235,"18724","7648720",66666947122,"20729","7056964","19126","Marin","Elementary School District","Ross","21-65433-0000000",383,NA,NA,NA,NA,79.3,87.2,7056964,19126,7648720,20729,7273,1195,233,0.792857597081338
"111","111","Ross Valley Elementary (Marin)","Ross Valley Elementary","Ross Valley Elementary School District","Marin","Elementary School District",2233,33633,6228235,"11299","25705366",66666947122,"12039","24776671","11604","Marin","Elementary School District","San Anselmo","21-75002-0000000",2233,NA,NA,NA,NA,71.2,79.9,24776671,11604,25705366,12039,2959,986,268,-0.419174744967496
"112","112","Saint Helena Unified (Napa)","Saint Helena Unified","Saint Helena Unified School District","Napa","Unified School District",1199,20562,6228235,"23574","31608893",66666947122,"26243","29085885","24148","Napa","Unified School District","St. Helena","28-66290-0000000",1199,NA,NA,NA,NA,49.8,64,29085885,24148,31608893,26243,972,1882,385,1.56191931561497
"113","113","San Bruno Park Elementary (San Mateo)","San Bruno Park Elementary","San Bruno Park Elementary School District","San Mateo","Elementary School District",2669,95620,6228235,"10321","27959372",66666947122,"11022","28659444","11298","San Mateo","Elementary School District","San Bruno","41-69013-0000000",2669,NA,NA,NA,NA,47.8,49.7,28659444,11298,27959372,11022,846,991,480,-0.561020187069184
"114","114","San Carlos Elementary (San Mateo)","San Carlos Elementary","San Carlos Elementary School District","San Mateo","Elementary School District",3516,95620,6228235,"11564","35657540",66666947122,"11707","35936615","11798","San Mateo","Elementary School District","San Carlos","41-69021-0000000",3516,NA,NA,NA,NA,73.5,77,35936615,11798,35657540,11707,2179,1161,231,-0.465480238357624
"115","115","San Francisco Unified (San Francisco)","San Francisco Unified","San Francisco Unified School District","San Francisco","Unified School District",60133,60748,6228235,"12148","769888832",66666947122,"15169","753750697","14851","San Francisco","Unified School District","San Francisco","38-68478-0000000",60133,NA,NA,NA,NA,51,54.6,753750697,14851,769888832,15169,3772,1164,615,0.0173800571743737
"116","116","San Jose Unified (Santa Clara)","San Jose Unified","San Jose Unified School District","Santa Clara","Unified School District",32004,273264,6228235,"12097","344043000",66666947122,"11674","369670159","12543","Santa Clara","Unified School District","San Jose","43-69666-0000000",32004,NA,NA,NA,NA,43.6,54.2,369670159,12543,344043000,11674,241,946,449,-0.470082892821101
"117","117","San Leandro Unified (Alameda)","San Leandro Unified","San Leandro Unified School District","Alameda","Unified School District",8638,226904,6228235,"11171","94675931",66666947122,"11514","94131379","11448","Alameda","Unified School District","San Leandro","01-61291-0000000",8638,NA,NA,NA,NA,25.6,38.8,94131379,11448,94675931,11514,774,1102,553,-0.492398793250078
"118","118","San Lorenzo Unified (Alameda)","San Lorenzo Unified","San Lorenzo Unified School District","Alameda","Unified School District",11739,226904,6228235,"11680","120640694",66666947122,"11906","122119988","12052","Alameda","Unified School District","San Lorenzo","01-61309-0000000",11739,NA,NA,NA,NA,23,31,122119988,12052,120640694,11906,624,1069,566,-0.437724837199084
"119","119","San Mateo-Foster City (San Mateo)","San Mateo-Foster City","San Mateo-Foster City Elementary School District","San Mateo","Elementary School District",11970,95620,6228235,"10151","131189781",66666947122,"11358","127236759","11016","San Mateo","Elementary School District","Foster City","41-69039-0000000",11970,NA,NA,NA,NA,54.9,59.9,127236759,11016,131189781,11358,1377,924,317,-0.514156796168331
"120","120","San Rafael City Elementary (Marin)","San Rafael City Elementary","San Rafael City Elementary School District","Marin","Elementary School District",4758,33633,6228235,"10981","55298241",66666947122,"11958","52558943","11365","Marin","Elementary School District","San Rafael","21-65458-0000000",4758,NA,NA,NA,NA,38.7,42.7,52558943,11365,55298241,11958,1572,1056,604,-0.430472169559666
"121","121","San Ramon Valley Unified (Contra Costa)","San Ramon Valley Unified","San Ramon Valley Unified School District","Contra Costa","Unified School District",32425,177370,6228235,"10099","331594667",66666947122,"10552","325307080","10352","Contra Costa","Unified School District","Danville","07-61804-0000000",32425,NA,NA,NA,NA,77.1,81.7,325307080,10352,331594667,10552,1071,1474,202,-0.626573144579305
"122","122","Santa Clara Unified (Santa Clara)","Santa Clara Unified","Santa Clara Unified School District","Santa Clara","Unified School District",15409,273264,6228235,"14778","248575682",66666947122,"16969","221534104","15123","Santa Clara","Unified School District","Santa Clara","43-69674-0000000",15409,NA,NA,NA,NA,49.4,58.2,221534104,15123,248575682,16969,1921,1026,396,0.268433937000369
"123","123","Santa Rosa Elementary (Sonoma)","Santa Rosa Elementary","Santa Rosa Elementary School District","Sonoma","Elementary School District",5315,70940,6228235,"N/A","N/A",66666947122,"N/A","N/A","N/A","Sonoma","Elementary School District","Santa Rosa","49-70912-0000000",5315,NA,NA,NA,NA,26.9,33.3,NA,NA,NA,NA,NA,NA,NA,NA
"124","124","Saratoga Union Elementary (Santa Clara)","Saratoga Union Elementary","Saratoga Union Elementary School District","Santa Clara","Elementary School District",1906,273264,6228235,"16006","30306922",66666947122,"16202","30295138","16195","Santa Clara","Elementary School District","Saratoga","43-69682-0000000",1906,NA,NA,NA,NA,90.1,86.9,30295138,16195,30306922,16202,944,1021,243,0.161457089318959
"125","125","Sausalito Marin City (Marin)","Sausalito Marin City","Sausalito Marin City Elementary School District","Marin","Elementary School District",558,33633,6228235,"35519","5901093",66666947122,"40759","5889827","40681","Marin","Elementary School District","Sausalito","21-65474-0000000",558,NA,NA,NA,NA,15.6,30.8,5889827,40681,5901093,40759,5070,2424,2321,3.58652938203394
"126","126","Sebastopol Union Elementary (Sonoma)","Sebastopol Union Elementary","Sebastopol Union Elementary School District","Sonoma","Elementary School District",928,70940,6228235,"12644","7725185",66666947122,"15335","6500018","12903","Sonoma","Elementary School District","Sebastopol","49-70938-0000000",928,NA,NA,NA,NA,31.7,45.4,6500018,12903,7725185,15335,2988,1359,761,0.0405328038694378
"127","127","Shoreline Unified (Marin)","Shoreline Unified","Shoreline Unified School District","Marin","Unified School District",515,33633,6228235,"26501","14346366",66666947122,"29845","13102385","27257","Marin","Unified School District","Tomales","21-73361-0000000",515,NA,NA,NA,NA,39.9,50.8,13102385,27257,14346366,29845,3365,1575,4856,2.06430602402232
"128","128","Sonoma Valley Unified (Sonoma)","Sonoma Valley Unified","Sonoma Valley Unified School District","Sonoma","Unified School District",4564,70940,6228235,"13457","50405621",66666947122,"13076","52458078","13609","Sonoma","Unified School District","Sonoma","49-70953-0000000",4564,NA,NA,NA,NA,25.9,42.3,52458078,13609,50405621,13076,1609,1342,552,-0.274539815312187
"129","129","South San Francisco Unified (San Mateo)","South San Francisco Unified","South San Francisco Unified School District","San Mateo","Unified School District",8879,95620,6228235,"11027","102220687",66666947122,"12091","99015593","11712","San Mateo","Unified School District","South San Francisco","41-69070-0000000",8879,NA,NA,NA,NA,43.9,49.1,99015593,11712,102220687,12091,396,911,517,-0.411922077328079
"130","130","Sunnyvale (Santa Clara)","Sunnyvale","Sunnyvale Elementary School District","Santa Clara","Elementary School District",6536,273264,6228235,"12907","82025827",66666947122,"13129","81601714","13061","Santa Clara","Elementary School District","Sunnyvale","43-69690-0000000",6536,NA,NA,NA,NA,54.2,57.2,81601714,13061,82025827,13129,1234,981,367,-0.267147673295088
"131","131","Sunol Glen Unified (Alameda)","Sunol Glen Unified","Sunol Glen Unified School District","Alameda","Unified School District",278,226904,6228235,"11555","3154599",66666947122,"11952","3135320","11879","Alameda","Unified School District","Sunol","01-75119-0000000",278,NA,NA,NA,NA,78.4,74.9,3135320,11879,3154599,11952,2163,903,172,-0.431309015825753
"132","132","Travis Unified (Solano)","Travis Unified","Travis Unified School District","Solano","Unified School District",5564,63643,6228235,"9862","55851584",66666947122,"10423","54853586","10237","Solano","Unified School District","Fairfield","48-70565-0000000",5564,NA,NA,NA,NA,41.1,56.5,54853586,10237,55851584,10423,375,931,854,-0.644565339300168
"133","133","Twin Hills Union Elementary (Sonoma)","Twin Hills Union Elementary","Twin Hills Union Elementary School District","Sonoma","Elementary School District",1252,70940,6228235,"10272","7621349",66666947122,"10797","7341196","10400","Sonoma","Elementary School District","Sebastopol","49-70961-0000000",1252,NA,NA,NA,NA,50.3,64,7341196,10400,7621349,10797,872,812,349,-0.592401922047433
"134","134","Two Rock Union (Sonoma)","Two Rock Union","Two Rock Union Elementary School District","Sonoma","Elementary School District",166,70940,6228235,"12936","2377610",66666947122,"15327","2318432","14945","Sonoma","Elementary School District","Petaluma","49-70979-0000000",166,NA,NA,NA,NA,61,53,2318432,14945,2377610,15327,2414,1342,3556,0.0394170088479889
"135","135","Union Elementary (Santa Clara)","Union Elementary","Union Elementary School District","Santa Clara","Elementary School District",5751,273264,6228235,"10407","51630205",66666947122,"9206","58946372","10510","Santa Clara","Elementary School District","San Jose","43-69708-0000000",5751,NA,NA,NA,NA,75.7,77.9,58946372,10510,51630205,9206,434,760,265,-0.814305656938077
"136","136","Union Joint Elementary (Marin)","Union Joint Elementary","Union Joint Elementary School District","Marin","Elementary School District",12,33633,6228235,"29900","188488",66666947122,"23014","288647","35244","Marin","Elementary School District","Petaluma","21-65516-0000000",12,NA,NA,NA,NA,NA,NA,288647,35244,188488,23014,1317,1195,2464,1.11155655008267
"137","137","Vacaville Unified (Solano)","Vacaville Unified","Vacaville Unified School District","Solano","Unified School District",12952,63643,6228235,"9819","110861418",66666947122,"10567","106934562","10193","Solano","Unified School District","Vacaville","48-70573-0000000",12952,NA,NA,NA,NA,37.7,49.3,106934562,10193,110861418,10567,355,1057,460,-0.624481028914088
"138","138","Vallejo City Unified (Solano)","Vallejo City Unified","Vallejo City Unified School District","Solano","Unified School District",14554,63643,6228235,"12121","151618908",66666947122,"12939","145199991","12391","Solano","Unified School District","Vallejo","48-70581-0000000",14554,NA,NA,NA,NA,19.8,28.4,145199991,12391,151618908,12939,198,1960,745,-0.293647805054499
"139","139","Walnut Creek Elementary (Contra Costa)","Walnut Creek Elementary","Walnut Creek Elementary School District","Contra Costa","Elementary School District",3589,177370,6228235,"10078","35435237",66666947122,"10161","35712525","10241","Contra Costa","Elementary School District","Walnut Creek","07-61812-0000000",3589,NA,NA,NA,NA,68.1,73,35712525,10241,35435237,10161,1160,933,281,-0.681107626252618
"140","140","Waugh Elementary (Sonoma)","Waugh Elementary","Waugh Elementary School District","Sonoma","Elementary School District",909,70940,6228235,"9305","8372927",66666947122,"9578","8352252","9554","Sonoma","Elementary School District","Petaluma","49-70995-0000000",909,NA,NA,NA,NA,63.2,67.3,8352252,9554,8372927,9578,792,842,230,-0.762421188440705
"141","141","West Contra Costa Unified (Contra Costa)","West Contra Costa Unified","West Contra Costa Unified School District","Contra Costa","Unified School District",31267,177370,6228235,"11487","334337591",66666947122,"12381","337500166","12498","Contra Costa","Unified School District","Richmond","07-61796-0000000",31267,NA,NA,NA,NA,23.7,34.1,337500166,12498,334337591,12381,787,1373,649,-0.371474507800557
"142","142","West Side Union Elementary (Sonoma)","West Side Union Elementary","West Side Union Elementary School District","Sonoma","Elementary School District",179,70940,6228235,"10583","1900324",66666947122,"11172","1807238","10625","Sonoma","Elementary School District","Healdsburg","49-71001-0000000",179,NA,NA,NA,NA,36.4,44.8,1807238,10625,1900324,11172,1496,1548,317,-0.540099030417018
"143","143","Wilmar Union Elementary (Sonoma)","Wilmar Union Elementary","Wilmar Union Elementary School District","Sonoma","Elementary School District",233,70940,6228235,"9926","2383055",66666947122,"10500","2272186","10011","Sonoma","Elementary School District","Petaluma","49-71019-0000000",233,NA,NA,NA,NA,59.4,65.1,2272186,10011,2383055,10500,848,1456,488,-0.633825812218723
"144","144","Windsor Unified (Sonoma)","Windsor Unified","Windsor Unified School District","Sonoma","Unified School District",5225,70940,6228235,"10764","45838070",66666947122,"11923","46656846","12136","Sonoma","Unified School District","Windsor","49-75358-0000000",5225,NA,NA,NA,NA,29.2,44.1,46656846,12136,45838070,11923,1597,1072,459,-0.435353772778505
"145","145","Woodside Elementary (San Mateo)","Woodside Elementary","Woodside Elementary School District","San Mateo","Elementary School District",400,95620,6228235,"25385","11134635",66666947122,"26666","10872867","26039","San Mateo","Elementary School District","Woodside","41-69088-0000000",400,NA,NA,NA,NA,79.8,81,10872867,26039,11134635,26666,7618,1164,209,1.62091697737408
"146","146","Wright Elementary (Sonoma)","Wright Elementary","Wright Elementary School District","Sonoma","Elementary School District",1593,70940,6228235,"11887","18910286",66666947122,"12528","18319517","12136","Sonoma","Elementary School District","Santa Rosa","49-71035-0000000",1593,NA,NA,NA,NA,32.4,49.3,18319517,12136,18910286,12528,1073,1116,442,-0.350971774281434
